Event number,Picked arrival,Tag,Arrival type,IRIS Event ID,file,file_start
1,2018-11-18 20:32:00.000,DET,body,10972756,data\DonneesB23\2018-11\2018-11-18\2018-11-18T01_22_16.875000,2018-11-18 01:22:16
2,2018-11-30 17:42:00.000,DET,body,10976411,data\DonneesB23\2018-11\2018-11-30\2018-11-30T07_31_32.525000,2018-11-30 07:31:32
3,2018-12-05 04:26:35.000,DET,body,10980271,data\DonneesB23\2018-12\2018-12-02\2018-12-02T02_26_15.475000,2018-12-02 02:26:15
4,2018-12-11 02:38:40.000,DET,body,10983619,data\DonneesB23\2018-12\2018-12-07\2018-12-07T20_15_43.175000,2018-12-07 20:15:43
5,2018-12-23 23:14:45.000,DET,body,10988734,data\DonneesB23\2018-12\2018-12-23\2018-12-23T20_19_50.050000,2018-12-23 20:19:50
6,2019-01-20 01:43:00.000,DET,body,10997608,data\DonneesB23\2019-01\2019-01-19\2019-01-19T06_10_52.100000,2019-01-19 06:10:52
7,2019-02-22 10:27:55.000,DET,body,11007849,data\DonneesB23\2019-02\2019-02-22\2019-02-22T00_23_05.800000,2019-02-22 00:23:05
8,2019-03-01 09:01:00.000,DET,body,11010219,data\DonneesB23\2019-02\2019-02-23\2019-02-23T23_20_53.325000,2019-02-23 23:20:53
9,2019-05-06 21:30:30.000,DET,body,11034341,data\DonneesB23\2019-05\2019-05-02\2019-05-02T01_01_11.475000,2019-05-02 01:01:11
10,2019-05-26 07:52:10.000,DET,body,11041250,data\DonneesB23\2019-05\2019-05-25\2019-05-25T22_00_41.675000,2019-05-25 22:00:41
11,2018-10-10 20:59:00.000,REQ,body,10957936,data\DonneesB23\2018-10\2018-10-09\2018-10-09T02_53_18.375000,2018-10-09 02:53:18
12,2018-10-10 23:29:00.000,REQ,body,10957985,data\DonneesB23\2018-10\2018-10-09\2018-10-09T02_53_18.375000,2018-10-09 02:53:18
13,2018-10-16 00:36:35.000,REQ,body,10959899,data\DonneesB23\2018-10\2018-10-15\2018-10-15T11_56_13.075000,2018-10-15 11:56:13
14,2018-10-16 01:12:00.000,REQ,body,10959905,data\DonneesB23\2018-10\2018-10-15\2018-10-15T11_56_13.075000,2018-10-15 11:56:13
15,2018-11-15 20:14:40.000,REQ,body,10971760,data\DonneesB23\2018-11\2018-11-15\2018-11-15T01_25_46.425000,2018-11-15 01:25:46
16,2018-12-29 03:52:20.000,REQ,body,10990548,data\DonneesB23\2018-12\2018-12-26\2018-12-26T15_29_46.525000,2018-12-26 15:29:46
17,2019-01-06 17:40:25.000,REQ,body,10993072,data\DonneesB23\2019-01\2019-01-06\2019-01-06T05_37_57.300000,2019-01-06 05:37:57
18,2019-01-22 05:24:30.000,REQ,body,10998150,data\DonneesB23\2019-01\2019-01-21\2019-01-21T10_38_10.900000,2019-01-21 10:38:10
19,2019-03-06 15:52:30.000,REQ,body,11011889,data\DonneesB23\2019-03\2019-03-02\2019-03-02T15_16_17.775000,2019-03-02 15:16:17
20,2019-04-02 21:48:00.000,REQ,body,11021706,data\DonneesB23\2019-04\2019-04-02\2019-04-02T06_37_22.550000,2019-04-02 06:37:22
21,2018-09-16 21:18:05.000,***,body,10948555,data\DonneesB23\2018-09\2018-09-15\2018-09-15T15_22_36.400000,2018-09-15 15:22:36
22,2018-09-28 10:16:30.000,***,body,10953070,data\DonneesB23\2018-09\2018-09-27\2018-09-27T02_54_39.100000,2018-09-27 02:54:39
23,2018-10-28 22:34:10.000,***,body,10965035,data\DonneesB23\2018-10\2018-10-26\2018-10-26T00_09_49.800000,2018-10-26 00:09:49
24,2018-11-15 23:16:00.000,***,body,10971868,data\DonneesB23\2018-11\2018-11-15\2018-11-15T21_10_02.400000,2018-11-15 21:10:02
25,2018-11-22 16:13:20.000,***,body,10973739,data\DonneesB23\2018-11\2018-11-21\2018-11-21T06_08_02.175000,2018-11-21 06:08:02
26,2018-11-24 23:52:00.000,***,body,10974269,data\DonneesB23\2018-11\2018-11-23\2018-11-23T18_29_28.525000,2018-11-23 18:29:28
27,2018-12-19 01:45:00.000,***,body,10986932,data\DonneesB23\2018-12\2018-12-12\2018-12-12T16_33_41.300000,2018-12-12 16:33:41
28,2018-12-20 17:15:00.000,***,body,10987513,data\DonneesB23\2018-12\2018-12-20\2018-12-20T12_11_18.075000,2018-12-20 12:11:18
29,2019-01-15 18:15:20.000,***,body,10996154,data\DonneesB23\2019-01\2019-01-15\2019-01-15T01_51_02.250000,2019-01-15 01:51:02
30,2019-01-22 19:16:00.000,***,body,10998373,data\DonneesB23\2019-01\2019-01-22\2019-01-22T08_07_47.025000,2019-01-22 08:07:47
31,2019-04-16 09:38:30.000,S3,surface,11026352,data\DonneesB23\2019-04\2019-04-14\2019-04-14T03_51_33.750000,2019-04-14 03:51:33
32,2019-05-14 13:09:15.000,***,body,11037207,data\DonneesB23\2019-05\2019-05-11\2019-05-11T12_50_22.775000,2019-05-11 12:50:22
33,2019-05-30 09:14:00.000,***,body,11042482,data\DonneesB23\2019-05\2019-05-27\2019-05-27T12_00_20.025000,2019-05-27 12:00:20
34,2019-06-02 10:42:20.000,***,body,11043682,data\DonneesB23\2019-05\2019-05-27\2019-05-27T12_00_20.025000,2019-05-27 12:00:20
35,2019-06-14 00:29:40.000,***,body,11048697,data\DonneesB23\2019-06\2019-06-13\2019-06-13T05_15_02.250000,2019-06-13 05:15:02
36,2019-06-15 22:02:00.000,***,body,11049511,data\DonneesB23\2019-06\2019-06-13\2019-06-13T05_15_02.250000,2019-06-13 05:15:02
37,2019-06-15 23:01:19.842,***,body,11049517,data\DonneesB23\2019-06\2019-06-13\2019-06-13T05_15_02.250000,2019-06-13 05:15:02
38,2019-06-16 05:23:30.000,***,body,11049599,data\DonneesB23\2019-06\2019-06-15\2019-06-15T23_52_37.300000,2019-06-15 23:52:37
39,2019-06-17 06:08:15.000,***,body,11049903,data\DonneesB23\2019-06\2019-06-15\2019-06-15T23_52_37.300000,2019-06-15 23:52:37
40,2019-06-18 16:11:20.000,***,body,11050483,data\DonneesB23\2019-06\2019-06-15\2019-06-15T23_52_37.300000,2019-06-15 23:52:37
41,2019-06-19 07:08:00.000,***,body,11050823,data\DonneesB23\2019-06\2019-06-15\2019-06-15T23_52_37.300000,2019-06-15 23:52:37
42,2019-06-19 17:36:50.000,***,body,11050987,data\DonneesB23\2019-06\2019-06-15\2019-06-15T23_52_37.300000,2019-06-15 23:52:37
43,2019-06-24 03:05:40.000,***,body,11052554,data\DonneesB23\2019-06\2019-06-24\2019-06-24T02_59_31.075000,2019-06-24 02:59:31
44,2019-06-24 11:38:00.000,***,body,11052627,data\DonneesB23\2019-06\2019-06-24\2019-06-24T03_25_09.700000,2019-06-24 03:25:09
45,2019-06-27 11:18:00.000,S3,surface,11053874,data\DonneesB23\2019-06\2019-06-25\2019-06-25T23_07_08.100000,2019-06-25 23:07:08
46,2019-07-04 17:45:00.000,***,body,11056847,data\DonneesB23\2019-07\2019-07-04\2019-07-04T09_29_28.850000,2019-07-04 09:29:28
47,2019-07-06 03:30:30.000,***,body,11058875,data\DonneesB23\2019-07\2019-07-05\2019-07-05T14_55_53.675000,2019-07-05 14:55:53
48,2019-07-06 06:45:00.000,S3,surface,11058978,data\DonneesB23\2019-07\2019-07-05\2019-07-05T14_55_53.675000,2019-07-05 14:55:53
49,2019-07-14 09:23:40.000,***,body,11073718,data\DonneesB23\2019-07\2019-07-12\2019-07-12T09_49_39.125000,2019-07-12 09:49:39
50,2019-07-31 15:10:30.000,***,body,11089506,data\DonneesB23\2019-07\2019-07-31\2019-07-31T10_28_02.275000,2019-07-31 10:28:02
51,2019-08-01 18:38:30.000,***,body,11090197,data\DonneesB23\2019-07\2019-07-31\2019-07-31T10_28_02.275000,2019-07-31 10:28:02
52,2018-09-26 17:45:00.000,**,body,10952325,data\DonneesB23\2018-09\2018-09-26\2018-09-26T08_35_49.050000,2018-09-26 08:35:49
53,2018-10-09 08:00:00.000,**,body,10957286,data\DonneesB23\2018-10\2018-10-09\2018-10-09T02_53_18.375000,2018-10-09 02:53:18
54,2018-10-13 11:24:40.000,**,body,10958985,data\DonneesB23\2018-10\2018-10-13\2018-10-13T06_32_27.100000,2018-10-13 06:32:27
55,2018-10-29 07:04:40.000,**,body,10965132,data\DonneesB23\2018-10\2018-10-26\2018-10-26T00_09_49.800000,2018-10-26 00:09:49
56,2018-10-29 20:27:00.000,**,body,10965319,data\DonneesB23\2018-10\2018-10-26\2018-10-26T00_09_49.800000,2018-10-26 00:09:49
57,2018-10-29 23:35:00.000,**,body,10965401,data\DonneesB23\2018-10\2018-10-26\2018-10-26T00_09_49.800000,2018-10-26 00:09:49
58,2018-10-30 02:21:00.000,**,body,10965448,data\DonneesB23\2018-10\2018-10-26\2018-10-26T00_09_49.800000,2018-10-26 00:09:49
59,2018-11-01 22:30:20.000,**,body,10966680,data\DonneesB23\2018-10\2018-10-26\2018-10-26T00_09_49.800000,2018-10-26 00:09:49
60,2018-11-06 16:17:30.000,**,body,10968334,data\DonneesB23\2018-11\2018-11-04\2018-11-04T04_35_44.050000,2018-11-04 04:35:44
61,2018-11-10 08:38:25.000,**,body,10969935,data\DonneesB23\2018-11\2018-11-04\2018-11-04T04_35_44.050000,2018-11-04 04:35:44
62,2018-11-12 22:51:30.000,**,body,10970552,data\DonneesB23\2018-11\2018-11-12\2018-11-12T03_22_53.825000,2018-11-12 03:22:53
63,2018-11-14 21:35:00.000,**,body,10971336,data\DonneesB23\2018-11\2018-11-12\2018-11-12T03_22_53.825000,2018-11-12 03:22:53
64,2018-11-16 03:36:00.000,**,body,10971960,data\DonneesB23\2018-11\2018-11-15\2018-11-15T21_10_02.400000,2018-11-15 21:10:02
65,2018-11-24 15:50:00.000,**,body,10974188,data\DonneesB23\2018-11\2018-11-23\2018-11-23T18_29_28.525000,2018-11-23 18:29:28
66,2018-11-25 03:54:00.000,**,body,10974301,data\DonneesB23\2018-11\2018-11-23\2018-11-23T18_29_28.525000,2018-11-23 18:29:28
67,2018-11-25 06:21:00.000,**,body,10974322,data\DonneesB23\2018-11\2018-11-23\2018-11-23T18_29_28.525000,2018-11-23 18:29:28
68,2018-11-25 16:57:00.000,**,body,10974404,data\DonneesB23\2018-11\2018-11-23\2018-11-23T18_29_28.525000,2018-11-23 18:29:28
69,2018-11-26 00:30:00.000,**,body,10974477,data\DonneesB23\2018-11\2018-11-23\2018-11-23T18_29_28.525000,2018-11-23 18:29:28
70,2018-12-06 23:35:20.000,**,body,10981467,data\DonneesB23\2018-12\2018-12-06\2018-12-06T03_06_14.450000,2018-12-06 03:06:14
71,2018-12-12 13:22:00.000,**,body,10984273,data\DonneesB23\2018-12\2018-12-12\2018-12-12T01_34_40.450000,2018-12-12 01:34:40
72,2018-12-26 14:17:30.000,**,body,10989514,data\DonneesB23\2018-12\2018-12-25\2018-12-25T13_08_20.250000,2018-12-25 13:08:20
73,2018-12-31 02:48:00.000,**,body,10991212,data\DonneesB23\2018-12\2018-12-29\2018-12-29T19_57_45.825000,2018-12-29 19:57:45
74,2019-01-08 12:53:00.000,**,body,10993586,data\DonneesB23\2019-01\2019-01-07\2019-01-07T09_19_25.500000,2019-01-07 09:19:25
75,2019-01-11 06:04:40.000,**,body,10994409,data\DonneesB23\2019-01\2019-01-10\2019-01-10T19_22_29.275000,2019-01-10 19:22:29
76,2019-01-21 01:45:00.000,**,body,10997852,data\DonneesB23\2019-01\2019-01-19\2019-01-19T06_10_52.100000,2019-01-19 06:10:52
77,2019-01-21 12:08:00.000,**,body,10997943,data\DonneesB23\2019-01\2019-01-21\2019-01-21T10_38_10.900000,2019-01-21 10:38:10
78,2019-01-22 00:14:00.000,**,body,10998098,data\DonneesB23\2019-01\2019-01-21\2019-01-21T10_38_10.900000,2019-01-21 10:38:10
79,2019-01-26 04:01:00.000,**,body,10999596,data\DonneesB23\2019-01\2019-01-24\2019-01-24T01_47_32.250000,2019-01-24 01:47:32
80,2019-01-26 08:25:00.000,**,body,10999641,data\DonneesB23\2019-01\2019-01-24\2019-01-24T01_47_32.250000,2019-01-24 01:47:32
81,2019-01-30 15:45:20.000,**,body,11001050,data\DonneesB23\2019-01\2019-01-30\2019-01-30T06_19_34.350000,2019-01-30 06:19:34
82,2019-02-27 02:59:00.000,S2,surface,11009267,data\DonneesB23\2019-02\2019-02-23\2019-02-23T23_20_53.325000,2019-02-23 23:20:53
83,2019-03-01 01:10:00.000,**,body,11010051,data\DonneesB23\2019-02\2019-02-23\2019-02-23T23_20_53.325000,2019-02-23 23:20:53
84,2019-03-06 20:26:30.000,**,body,11011957,data\DonneesB23\2019-03\2019-03-02\2019-03-02T15_16_17.775000,2019-03-02 15:16:17
85,2019-03-07 15:35:00.000,**,body,11012420,data\DonneesB23\2019-03\2019-03-07\2019-03-07T04_39_42.750000,2019-03-07 04:39:42
86,2019-03-07 16:43:00.000,S2,surface,11012435,data\DonneesB23\2019-03\2019-03-07\2019-03-07T04_39_42.750000,2019-03-07 04:39:42
87,2019-03-17 00:52:00.000,**,body,11015463,data\DonneesB23\2019-03\2019-03-16\2019-03-16T05_22_09.625000,2019-03-16 05:22:09
88,2019-03-20 15:32:20.000,**,body,11016677,data\DonneesB23\2019-03\2019-03-19\2019-03-19T04_59_40.850000,2019-03-19 04:59:40
89,2019-03-26 12:34:00.000,S2,surface,11018667,data\DonneesB23\2019-03\2019-03-24\2019-03-24T21_55_14.100000,2019-03-24 21:55:14
90,2019-03-28 22:20:00.000,**,body,11019798,data\DonneesB23\2019-03\2019-03-27\2019-03-27T15_32_27.425000,2019-03-27 15:32:27
91,2019-03-31 07:14:15.000,**,body,11020682,data\DonneesB23\2019-03\2019-03-30\2019-03-30T12_29_34,2019-03-30 12:29:34
92,2019-04-05 19:16:30.000,S2,surface,11022811,data\DonneesB23\2019-04\2019-04-05\2019-04-05T02_00_15.925000,2019-04-05 02:00:15
93,2019-04-07 16:08:00.000,S2,surface,11023279,data\DonneesB23\2019-04\2019-04-05\2019-04-05T02_00_15.925000,2019-04-05 02:00:15
94,2019-04-09 18:06:15.000,**,body,11024052,data\DonneesB23\2019-04\2019-04-09\2019-04-09T04_18_41.750000,2019-04-09 04:18:41
95,2019-04-12 11:54:00.000,**,body,11024890,data\DonneesB23\2019-04\2019-04-09\2019-04-09T04_18_41.750000,2019-04-09 04:18:41
96,2019-04-18 14:56:30.000,**,body,11027275,data\DonneesB23\2019-04\2019-04-14\2019-04-14T03_51_33.750000,2019-04-14 03:51:33
97,2019-04-23 05:50:00.000,**,body,11028997,data\DonneesB23\2019-04\2019-04-22\2019-04-22T12_20_05.175000,2019-04-22 12:20:05
98,2019-04-23 14:26:20.000,**,body,11029096,data\DonneesB23\2019-04\2019-04-22\2019-04-22T12_20_05.175000,2019-04-22 12:20:05
99,2019-05-03 07:07:30.000,S2,surface,11033150,data\DonneesB23\2019-05\2019-05-02\2019-05-02T01_01_11.475000,2019-05-02 01:01:11
100,2019-05-03 07:35:00.000,**,body,11033154,data\DonneesB23\2019-05\2019-05-02\2019-05-02T01_01_11.475000,2019-05-02 01:01:11
101,2019-05-04 00:19:00.000,S2,surface,11033418,data\DonneesB23\2019-05\2019-05-02\2019-05-02T01_01_11.475000,2019-05-02 01:01:11
102,2019-05-08 14:18:20.000,S2,surface,11035010,data\DonneesB23\2019-05\2019-05-07\2019-05-07T20_11_36.100000,2019-05-07 20:11:36
103,2019-05-10 03:30:00.000,**,body,11035792,data\DonneesB23\2019-05\2019-05-09\2019-05-09T23_48_36.950000,2019-05-09 23:48:36
104,2019-05-12 19:35:00.000,**,body,11036537,data\DonneesB23\2019-05\2019-05-11\2019-05-11T12_50_22.775000,2019-05-11 12:50:22
105,2019-05-16 23:05:00.000,S2,surface,11038220,data\DonneesB23\2019-05\2019-05-16\2019-05-16T22_54_01.275000,2019-05-16 22:54:01
106,2019-05-19 01:31:20.000,**,body,11039010,data\DonneesB23\2019-05\2019-05-18\2019-05-18T06_46_55.450000,2019-05-18 06:46:55
107,2019-05-19 14:35:00.000,**,body,11039134,data\DonneesB23\2019-05\2019-05-19\2019-05-19T03_05_53.800000,2019-05-19 03:05:53
108,2019-05-19 15:15:00.000,S2,surface,11039137,data\DonneesB23\2019-05\2019-05-19\2019-05-19T03_05_53.800000,2019-05-19 03:05:53
109,2019-05-30 15:50:00.000,S2,surface,11042571,data\DonneesB23\2019-05\2019-05-27\2019-05-27T12_00_20.025000,2019-05-27 12:00:20
110,2019-06-14 04:00:00.000,**,body,11048737,data\DonneesB23\2019-06\2019-06-13\2019-06-13T05_15_02.250000,2019-06-13 05:15:02
111,2019-06-16 21:12:30.000,S2,surface,11049804,data\DonneesB23\2019-06\2019-06-15\2019-06-15T23_52_37.300000,2019-06-15 23:52:37
112,2019-06-17 16:59:10.000,**,body,11050099,data\DonneesB23\2019-06\2019-06-15\2019-06-15T23_52_37.300000,2019-06-15 23:52:37
113,2019-06-18 13:35:45.000,**,body,11050447,data\DonneesB23\2019-06\2019-06-15\2019-06-15T23_52_37.300000,2019-06-15 23:52:37
114,2019-06-19 23:21:40.000,**,body,11051151,data\DonneesB23\2019-06\2019-06-15\2019-06-15T23_52_37.300000,2019-06-15 23:52:37
115,2019-06-19 23:21:40.000,**,body,11051151,data\DonneesB23\2019-06\2019-06-15\2019-06-15T23_52_37.300000,2019-06-15 23:52:37
116,2019-06-26 02:31:15.000,**,body,11053269,data\DonneesB23\2019-06\2019-06-25\2019-06-25T23_07_08.100000,2019-06-25 23:07:08
117,2019-06-26 18:14:00.000,**,body,11053541,data\DonneesB23\2019-06\2019-06-25\2019-06-25T23_07_08.100000,2019-06-25 23:07:08
118,2019-07-01 17:22:00.000,**,body,11055406,data\DonneesB23\2019-07\2019-07-01\2019-07-01T05_06_44.125000,2019-07-01 05:06:44
119,2019-07-02 04:15:00.000,**,body,11055619,data\DonneesB23\2019-07\2019-07-01\2019-07-01T05_06_44.125000,2019-07-01 05:06:44
120,2019-07-04 05:04:00.000,S2,surface,11056637,data\DonneesB23\2019-07\2019-07-04\2019-07-04T02_05_06.350000,2019-07-04 02:05:06
121,2019-07-07 15:21:50.000,**,body,11061463,data\DonneesB23\2019-07\2019-07-07\2019-07-07T01_23_57.775000,2019-07-07 01:23:57
122,2019-07-13 08:15:00.000,S2,surface,11072684,data\DonneesB23\2019-07\2019-07-12\2019-07-12T09_49_39.125000,2019-07-12 09:49:39
123,2019-07-14 05:52:30.000,**,body,11073569,data\DonneesB23\2019-07\2019-07-12\2019-07-12T09_49_39.125000,2019-07-12 09:49:39
124,2019-07-15 08:32:20.000,**,body,11074626,data\DonneesB23\2019-07\2019-07-12\2019-07-12T09_49_39.125000,2019-07-12 09:49:39
125,2019-07-18 01:45:00.000,S2,surface,11077729,data\DonneesB23\2019-07\2019-07-17\2019-07-17T21_04_02.100000,2019-07-17 21:04:02
126,2019-07-20 18:37:30.000,S2,surface,11080390,data\DonneesB23\2019-07\2019-07-19\2019-07-19T16_08_15.925000,2019-07-19 16:08:15
127,2019-07-27 10:12:40.000,S2,surface,11086279,data\DonneesB23\2019-07\2019-07-26\2019-07-26T10_13_06.325000,2019-07-26 10:13:06
128,2019-07-31 06:05:30.000,**,body,11089323,data\DonneesB23\2019-07\2019-07-30\2019-07-30T05_46_31.825000,2019-07-30 05:46:31
129,2019-08-02 06:05:30.000,S2,surface,11090460,data\DonneesB23\2019-08\2019-08-01\2019-08-01T22_59_47.075000,2019-08-01 22:59:47
130,2019-08-04 10:36:30.000,**,body,11091618,data\DonneesB23\2019-08\2019-08-03\2019-08-03T17_57_45.975000,2019-08-03 17:57:45
131,2019-08-05 09:07:20.000,**,body,11092028,data\DonneesB23\2019-08\2019-08-03\2019-08-03T17_57_45.975000,2019-08-03 17:57:45
132,2019-08-09 17:57:00.000,S2,surface,11094587,data\DonneesB23\2019-08\2019-08-08\2019-08-08T23_38_59.625000,2019-08-08 23:38:59
133,2019-08-14 22:02:00.000,S2,surface,11097877,data\DonneesB23\2019-08\2019-08-14\2019-08-14T18_42_55.200000,2019-08-14 18:42:55
134,2018-09-15 08:20:00.000,*,body,10948197,data\DonneesB23\2018-09\2018-09-14\2018-09-14T15_01_13.325000,2018-09-14 15:01:13
135,2018-09-15 16:38:00.000,*,body,10948285,data\DonneesB23\2018-09\2018-09-15\2018-09-15T15_22_36.400000,2018-09-15 15:22:36
136,2018-09-18 07:50:00.000,*,body,10953395,data\DonneesB23\2018-09\2018-09-17\2018-09-17T09_30_10.125000,2018-09-17 09:30:10
137,2018-09-18 12:07:30.000,*,body,10949274,data\DonneesB23\2018-09\2018-09-18\2018-09-18T10_41_34.125000,2018-09-18 10:41:34
138,2018-09-21 03:49:00.000,*,body,10950337,data\DonneesB23\2018-09\2018-09-18\2018-09-18T22_50_25,2018-09-18 22:50:25
139,2018-09-28 07:17:00.000,*,body,10953041,data\DonneesB23\2018-09\2018-09-27\2018-09-27T02_54_39.100000,2018-09-27 02:54:39
140,2018-10-02 00:13:00.000,*,body,10954454,data\DonneesB23\2018-10\2018-10-01\2018-10-01T16_15_20.375000,2018-10-01 16:15:20
141,2018-10-02 10:17:20.000,*,body,10954594,data\DonneesB23\2018-10\2018-10-01\2018-10-01T16_15_20.375000,2018-10-01 16:15:20
142,2018-10-05 21:18:00.000,*,body,10956142,data\DonneesB23\2018-10\2018-10-05\2018-10-05T01_52_23.400000,2018-10-05 01:52:23
143,2018-10-07 00:40:00.000,*,body,10956451,data\DonneesB23\2018-10\2018-10-06\2018-10-06T08_38_57.950000,2018-10-06 08:38:57
144,2018-10-10 18:59:30.000,*,body,10957904,data\DonneesB23\2018-10\2018-10-09\2018-10-09T02_53_18.375000,2018-10-09 02:53:18
145,2018-10-12 03:03:00.000,*,body,10958500,data\DonneesB23\2018-10\2018-10-12\2018-10-12T00_40_59.200000,2018-10-12 00:40:59
146,2018-10-12 09:48:00.000,*,body,10958593,data\DonneesB23\2018-10\2018-10-12\2018-10-12T00_40_59.200000,2018-10-12 00:40:59
147,2018-10-12 21:20:00.000,*,body,10958761,data\DonneesB23\2018-10\2018-10-12\2018-10-12T00_40_59.200000,2018-10-12 00:40:59
148,2018-10-26 09:18:00.000,*,body,10964339,data\DonneesB23\2018-10\2018-10-26\2018-10-26T00_09_49.800000,2018-10-26 00:09:49
149,2018-11-01 19:42:00.000,*,body,10966577,data\DonneesB23\2018-10\2018-10-26\2018-10-26T00_09_49.800000,2018-10-26 00:09:49
150,2018-11-04 19:40:00.000,*,body,10967700,data\DonneesB23\2018-11\2018-11-04\2018-11-04T04_35_44.050000,2018-11-04 04:35:44
151,2018-11-25 21:10:00.000,*,body,10974444,data\DonneesB23\2018-11\2018-11-23\2018-11-23T18_29_28.525000,2018-11-23 18:29:28
152,2018-11-29 02:44:00.000,*,body,10975815,data\DonneesB23\2018-11\2018-11-28\2018-11-28T05_39_28.625000,2018-11-28 05:39:28
153,2018-12-03 21:40:00.000,S1,surface,10979158,data\DonneesB23\2018-12\2018-12-02\2018-12-02T02_26_15.475000,2018-12-02 02:26:15
154,2018-12-15 20:33:00.000,*,body,10985560,data\DonneesB23\2018-12\2018-12-12\2018-12-12T16_33_41.300000,2018-12-12 16:33:41
155,2018-12-16 09:52:00.000,*,body,10985766,data\DonneesB23\2018-12\2018-12-12\2018-12-12T16_33_41.300000,2018-12-12 16:33:41
156,2018-12-16 14:40:00.000,*,body,10985829,data\DonneesB23\2018-12\2018-12-12\2018-12-12T16_33_41.300000,2018-12-12 16:33:41
157,2018-12-22 14:33:00.000,*,body,10988309,data\DonneesB23\2018-12\2018-12-21\2018-12-21T22_47_48.125000,2018-12-21 22:47:48
158,2018-12-25 00:25:00.000,*,body,10989140,data\DonneesB23\2018-12\2018-12-24\2018-12-24T22_07_26.275000,2018-12-24 22:07:26
159,2018-12-26 23:50:00.000,S1,surface,10989721,data\DonneesB23\2018-12\2018-12-26\2018-12-26T15_29_46.525000,2018-12-26 15:29:46
160,2018-12-27 15:00:00.000,*,body,10989901,data\DonneesB23\2018-12\2018-12-26\2018-12-26T15_29_46.525000,2018-12-26 15:29:46
161,2018-12-28 20:10:00.000,S1,surface,10996998,data\DonneesB23\2018-12\2018-12-26\2018-12-26T15_29_46.525000,2018-12-26 15:29:46
162,2018-12-28 20:37:30.000,S1,surface,10990456,data\DonneesB23\2018-12\2018-12-26\2018-12-26T15_29_46.525000,2018-12-26 15:29:46
163,2019-01-05 23:07:00.000,*,body,10992877,data\DonneesB23\2019-01\2019-01-05\2019-01-05T20_06_17.500000,2019-01-05 20:06:17
164,2019-01-17 15:18:00.000,*,body,10996799,data\DonneesB23\2019-01\2019-01-15\2019-01-15T01_51_02.250000,2019-01-15 01:51:02
165,2019-01-25 04:55:00.000,*,body,10999355,data\DonneesB23\2019-01\2019-01-24\2019-01-24T01_47_32.250000,2019-01-24 01:47:32
166,2019-01-26 13:05:00.000,S1,surface,10999684,data\DonneesB23\2019-01\2019-01-24\2019-01-24T01_47_32.250000,2019-01-24 01:47:32
167,2019-01-30 07:55:00.000,*,body,11000968,data\DonneesB23\2019-01\2019-01-30\2019-01-30T06_19_34.350000,2019-01-30 06:19:34
168,2019-02-08 12:08:00.000,*,body,11003845,data\DonneesB23\2019-02\2019-02-07\2019-02-07T10_16_18.450000,2019-02-07 10:16:18
169,2019-02-15 13:02:00.000,S1,surface,11005855,data\DonneesB23\2019-02\2019-02-13\2019-02-13T13_48_37.250000,2019-02-13 13:48:37
170,2019-02-16 00:00:00.000,*,body,11006952,data\DonneesB23\2019-02\2019-02-13\2019-02-13T13_48_37.250000,2019-02-13 13:48:37
171,2019-02-17 14:45:50.000,*,body,11006560,data\DonneesB23\2019-02\2019-02-13\2019-02-13T13_48_37.250000,2019-02-13 13:48:37
172,2019-03-06 07:38:00.000,S1,surface,11011831,data\DonneesB23\2019-03\2019-03-02\2019-03-02T15_16_17.775000,2019-03-02 15:16:17
173,2019-03-11 16:36:00.000,*,body,11013478,data\DonneesB23\2019-03\2019-03-10\2019-03-10T20_57_31.925000,2019-03-10 20:57:31
174,2019-03-15 05:15:00.000,*,body,11014923,data\DonneesB23\2019-03\2019-03-10\2019-03-10T20_57_31.925000,2019-03-10 20:57:31
175,2019-03-15 18:00:00.000,*,body,11015065,data\DonneesB23\2019-03\2019-03-10\2019-03-10T20_57_31.925000,2019-03-10 20:57:31
176,2019-03-20 19:09:30.000,*,body,11016738,data\DonneesB23\2019-03\2019-03-19\2019-03-19T04_59_40.850000,2019-03-19 04:59:40
177,2019-03-23 07:55:00.000,*,body,11017711,data\DonneesB23\2019-03\2019-03-21\2019-03-21T08_29_59.625000,2019-03-21 08:29:59
178,2019-03-23 19:32:00.000,*,body,11017822,data\DonneesB23\2019-03\2019-03-21\2019-03-21T08_29_59.625000,2019-03-21 08:29:59
179,2019-03-24 04:50:00.000,*,body,11017911,data\DonneesB23\2019-03\2019-03-21\2019-03-21T08_29_59.625000,2019-03-21 08:29:59
180,2019-03-31 15:55:00.000,S1,surface,11020776,data\DonneesB23\2019-03\2019-03-30\2019-03-30T12_29_34,2019-03-30 12:29:34
181,2019-04-05 16:27:00.000,*,body,11022772,data\DonneesB23\2019-04\2019-04-05\2019-04-05T02_00_15.925000,2019-04-05 02:00:15
182,2019-04-08 22:57:00.000,S1,surface,11023834,data\DonneesB23\2019-04\2019-04-05\2019-04-05T02_00_15.925000,2019-04-05 02:00:15
183,2019-04-22 09:28:00.000,*,body,11028716,data\DonneesB23\2019-04\2019-04-22\2019-04-22T04_26_39.800000,2019-04-22 04:26:39
184,2019-04-23 05:05:00.000,S1,surface,11028990,data\DonneesB23\2019-04\2019-04-22\2019-04-22T12_20_05.175000,2019-04-22 12:20:05
185,2019-04-26 06:58:40.000,S1,surface,11030576,data\DonneesB23\2019-04\2019-04-25\2019-04-25T19_05_14.200000,2019-04-25 19:05:14
186,2019-04-26 06:58:40.000,S1,surface,11030576,data\DonneesB23\2019-04\2019-04-25\2019-04-25T19_05_14.200000,2019-04-25 19:05:14
187,2019-04-27 11:19:00.000,S1,surface,11031077,data\DonneesB23\2019-04\2019-04-27\2019-04-27T09_13_17.350000,2019-04-27 09:13:17
188,2019-05-04 04:45:30.000,S1,surface,11033566,data\DonneesB23\2019-05\2019-05-02\2019-05-02T01_01_11.475000,2019-05-02 01:01:11
189,2019-05-10 00:37:00.000,S1,surface,11035661,data\DonneesB23\2019-05\2019-05-09\2019-05-09T23_48_36.950000,2019-05-09 23:48:36
190,2019-05-17 22:48:00.000,*,body,11038666,data\DonneesB23\2019-05\2019-05-16\2019-05-16T22_54_01.275000,2019-05-16 22:54:01
191,2019-05-23 15:10:00.000,*,body,11040302,data\DonneesB23\2019-05\2019-05-23\2019-05-23T05_11_51.375000,2019-05-23 05:11:51
192,2019-05-31 10:26:00.000,*,body,11042835,data\DonneesB23\2019-05\2019-05-27\2019-05-27T12_00_20.025000,2019-05-27 12:00:20
193,2019-05-31 12:23:00.000,S1,surface,11042843,data\DonneesB23\2019-05\2019-05-27\2019-05-27T12_00_20.025000,2019-05-27 12:00:20
194,2019-06-11 23:40:00.000,S1,surface,11047824,data\DonneesB23\2019-06\2019-06-11\2019-06-11T22_15_27.750000,2019-06-11 22:15:27
195,2019-06-13 07:45:00.000,S1,surface,11048373,data\DonneesB23\2019-06\2019-06-13\2019-06-13T05_15_02.250000,2019-06-13 05:15:02
196,2019-06-14 16:55:00.000,S1,surface,11048883,data\DonneesB23\2019-06\2019-06-13\2019-06-13T05_15_02.250000,2019-06-13 05:15:02
197,2019-06-24 01:17:30.000,*,body,11052533,data\DonneesB23\2019-06\2019-06-22\2019-06-22T13_05_53.600000,2019-06-22 13:05:53
198,2019-06-25 09:18:40.000,*,body,11052941,data\DonneesB23\2019-06\2019-06-24\2019-06-24T03_25_09.700000,2019-06-24 03:25:09
199,2019-06-28 16:05:00.000,*,body,11054354,data\DonneesB23\2019-06\2019-06-25\2019-06-25T23_07_08.100000,2019-06-25 23:07:08
200,2019-07-05 02:21:00.000,S1,surface,11057330,data\DonneesB23\2019-07\2019-07-04\2019-07-04T09_29_28.850000,2019-07-04 09:29:28
201,2019-07-05 11:40:00.000,S1,surface,11057796,data\DonneesB23\2019-07\2019-07-04\2019-07-04T09_29_28.850000,2019-07-04 09:29:28
202,2019-07-05 13:37:30.000,S1,surface,11057951,data\DonneesB23\2019-07\2019-07-04\2019-07-04T09_29_28.850000,2019-07-04 09:29:28
203,2019-07-17 22:43:00.000,S1,surface,11077612,data\DonneesB23\2019-07\2019-07-17\2019-07-17T21_04_02.100000,2019-07-17 21:04:02
204,2019-07-20 14:25:00.000,S1,surface,11080263,data\DonneesB23\2019-07\2019-07-19\2019-07-19T16_08_15.925000,2019-07-19 16:08:15
205,2019-07-20 15:30:30.000,S1,surface,11080254,data\DonneesB23\2019-07\2019-07-19\2019-07-19T16_08_15.925000,2019-07-19 16:08:15
206,2019-07-21 21:14:00.000,S1,surface,11081248,data\DonneesB23\2019-07\2019-07-21\2019-07-21T04_40_00.550000,2019-07-21 04:40:00
207,2019-07-23 10:55:00.000,S1,surface,11082724,data\DonneesB23\2019-07\2019-07-22\2019-07-22T16_42_18.125000,2019-07-22 16:42:18
208,2019-07-27 18:45:00.000,*,body,11086537,data\DonneesB23\2019-07\2019-07-26\2019-07-26T10_13_06.325000,2019-07-26 10:13:06
209,2019-08-02 01:26:00.000,S1,surface,11090368,data\DonneesB23\2019-08\2019-08-01\2019-08-01T22_59_47.075000,2019-08-01 22:59:47
210,2019-08-06 17:40:00.000,S1,surface,11092784,data\DonneesB23\2019-08\2019-08-05\2019-08-05T16_24_42.875000,2019-08-05 16:24:42
211,2019-08-06 22:22:00.000,*,body,11092895,data\DonneesB23\2019-08\2019-08-05\2019-08-05T16_24_42.875000,2019-08-05 16:24:42
212,2019-08-07 05:41:40.000,*,body,11093088,data\DonneesB23\2019-08\2019-08-05\2019-08-05T16_24_42.875000,2019-08-05 16:24:42
213,2019-08-12 10:45:00.000,*,body,11096114,data\DonneesB23\2019-08\2019-08-11\2019-08-11T22_26_30.600000,2019-08-11 22:26:30
